fecha,duracion,avg_ccv,max_ccv,seguidores,titulo
2023-08-06 22:56:00,4.6 hrs,39509.0,49502.0,2006.0,stream_nocturno_como_en_los_viejos_tiempos_hablando_de_la_vida._no_me_he_ido_de_vacaciones._me_voy_el_14._solo_me_he_ido_el_finde.
2023-08-04 17:47:00,2.1 hrs,61460.0,76232.0,134.0,anuncio_el_nuevo_fichaje_de_porcinos_fc_y_me_voy_a_las_islas_mauricio.
2023-08-03 17:36:00,4.0 hrs,80216.0,107504.0,1044.0,finetwork_koi_vs_movistar_riders_-_semifinales_de_superliga_-_quiero_creer
2023-08-02 21:20:00,4.2 hrs,47814.0,59732.0,3381.0,si_te_ries_pierdes.
2023-08-01 17:43:00,4.8 hrs,74929.0,106568.0,-834.0,ronda_2_-_superliga_-_verano_2023_-_league_of_legends_-_finetwork_koi_vs._giants_[bo5]
2023-07-31 16:54:00,4.2 hrs,55405.0,74959.0,2225.0,kylian_mbapp√©_me_tiene_bailando_pero_vendr√°_al_real_madrid_|_descartes_y_nuevos_fichajes_kings_league
2023-07-30 16:57:00,5.5 hrs,65633.0,83100.0,1959.0,after_kings_especial_finales_|_ayer_fue_una_pesadilla_|_te_caes_y_te_levantas_|_preguntas_y_respuestas_y_reflexi√≥n_de_2023
2023-07-29 20:15:00,1.3 hrs,79071.0,104716.0,662.0,finales_de_la_kings_&_queens_league_-_ronda_semifinal:_porcinas_vs._pio
2023-07-29 17:59:00,1.4 hrs,130802.0,186178.0,1607.0,finales_de_la_kings_&_queens_league_-_ronda_semifinal:_porcinos_vs._xbuyer
2023-07-28 17:58:00,3.4 hrs,50719.0,83235.0,1496.0,rueda_de_prensa_desde_el_c√≠vitas_metropolitano_|_previa_especial_finales_kings/queens_league_üê∑üëë
2023-07-26 18:00:00,1.4 hrs,55274.0,58784.0,784.0,ha_venido_eladio_carri√≥n_a_mi_casa.
2023-07-25 17:58:00,3.9 hrs,64975.0,92273.0,1028.0,finetwork_koi_vs._los_heretics_-_ronda_1_-_superliga_-_verano_2023_-_league_of_legends
2023-07-24 16:53:00,3.5 hrs,63636.0,76016.0,1881.0,especial_kylian_mbapp√©:_todo_sobre_kylian_mbapp√©.
2023-07-22 16:41:00,5.2 hrs,75093.0,101498.0,1445.0,lcq_2023_-_koi_vs._navi_-_el_que_gane_al_mundial_-_koi_vs_heretics_en_lec_-_si_ganamos_nos_vamos_las_finales
2023-07-21 16:48:00,2.4 hrs,77902.0,97799.0,417.0,lcq_2023_-_koi_vs._giants_-_el_ganador_ser√°_el_primer_equipo_espa√±ol_en_la_historia_en_llegar_a_los_mundiales_de_valorant
2023-07-20 21:26:00,2.0 hrs,60537.0,89232.0,1816.0,hoy_me_pasar√©_only_up_|_yo_estuve_aqu√≠_|_ibai_confiamos_en_ti_|_ibai_eres_un_inutil
2023-07-20 16:41:00,2.4 hrs,64031.0,94879.0,972.0,last_chance_qualifier_2023_-_d√≠a_2_-_playoffs_-_koi_vs_navi_-_nos_hemos_vuelto_a_ilusionar
2023-07-19 16:43:00,3.9 hrs,75974.0,101293.0,1604.0,last_chance_qualifier_2023_-_d√≠a_1_-_playoffs_-_koi_vs_team_heretics_-_el_que_pierda_es_eliminado
2023-07-18 17:10:00,4.7 hrs,57525.0,70245.0,3339.0,hoy_me_paso_only_up_|_todos_recordaremos_este_d√≠a
2023-07-17 17:02:00,3.4 hrs,48658.0,54430.0,1247.0,estamos_en_las_finales_de_la_kings_y_queens_league_|_after_kings_|_he_dormido_una_hora_y_me_la_pela
2023-07-16 20:19:00,1.9 hrs,54687.0,73289.0,291.0,2023_lec_summer_-_group_stage_-_day_2_-_koi_vs._g2
2023-07-16 17:52:00,1.4 hrs,67722.0,91056.0,407.0,si_ganamos_quedamos_primeros_y_nos_vamos_a_las_finales_|_porcinos_vs_rayo_de_barcelona_|_√∫ltima_jornada
2023-07-14 16:57:00,3.3 hrs,60889.0,76391.0,2192.0,only_up:_cap√≠tulo_final_|_yo_estuve_aqu√≠.
2023-07-13 20:55:00,0.8 hrs,56540.0,61936.0,83.0,superliga_-_verano_2023_-_league_of_legends_-_finetwork_koi_vs_movistar_riders_-_jornada_16
2023-07-13 17:00:00,3.9 hrs,68580.0,91683.0,2740.0,hoy_ser√°_un_d√≠a_hist√≥rico:_hoy_me_pasar√©_only_up_|_a_las_21:00_finetwork_koi_vs_riders
2023-07-12 17:02:00,6.4 hrs,55891.0,71182.0,4886.0,el_mejor_jugador_del_mundo_de_only_up_vuelve_a_jugar_a_only_up_-_a_las_21:00_viene_lit_killah_a_casa
2023-07-11 16:48:00,5.8 hrs,56085.0,70109.0,3354.0,"hoy_me_pasar√©_only_up_y_lo_har√©_por_vosotros._nunca_me_rendir√©._te_caes,_te_levantas."
2023-07-09 19:30:00,1.1 hrs,53838.0,58399.0,122.0,superliga_-_verano_2023_-_league_of_legends_-_finetwork_koi_vs_giants_-_jornada_14
2023-07-09 17:38:00,1.4 hrs,81742.0,118794.0,459.0,porcinos_fc_vs_1k_|_jornada_10_kings_league_|_hoy_podr√≠amos_ser_campeones
2023-07-08 17:28:00,3.3 hrs,44232.0,66533.0,1291.0,el_documentak_de_la_velada_del_a√±o_iii_|_porcinas_vs_barrio_|_finetwork_koi_vs_heretics_|_s√°bado_top
2023-07-07 16:59:00,4.1 hrs,49605.0,61805.0,3085.0,ha_llegado_el_d√≠a:_voy_a_jugar_al_only_up.
2023-07-06 16:55:00,3.3 hrs,56437.0,69915.0,2629.0,cu√°nto_vale_tu_outfit_velada_del_a√±o_iii_|_vlog_de_la_velada_|_kings_league_|_kylian_mbapp√©
2023-07-05 19:31:00,1.7 hrs,82282.0,117642.0,990.0,porcinos_fc_vs_aniquiladores_|_el_que_gane_se_pone_primero_|_kings_league_jornada_9
2023-07-04 19:38:00,0.9 hrs,40880.0,60792.0,-446.0,finetwork_koi_vs_rebels_|_jornada_12_|_superliga_verano_2023
2023-07-03 19:45:00,0.7 hrs,72627.0,80477.0,82.0,lec_co-stream_|_koi_vs_ast_|_summer_w3_d3_|_#watchlec_-_road_to_worlds
2023-07-03 17:49:00,1.8 hrs,142758.0,155556.0,2156.0,"jueces_y_votaciones_en_la_velada_del_a√±o_iii,_sandor_nos_explica_c√≥mo_funciona_un_combate_de_boxeo._juega_koi_un_partido_clave."
2023-07-02 20:06:00,4.1 hrs,206601.0,235930.0,9853.0,hablemos_de_la_velada_del_a√±o_iii.
2023-07-01 16:51:00,8.1 hrs,2998713.0,3442745.0,1129343.0,la_velada_del_a√±o_iii.
2023-06-30 19:02:00,2.9 hrs,520226.0,595064.0,47180.0,el_pesaje_de_la_velada_del_a√±o_iii_|_√∫ltimas_declaraciones_antes_de_la_velada_|_ma√±ana_es_el_d√≠a
2023-06-29 17:23:00,2.5 hrs,64927.0,77638.0,4108.0,48_horas_para_la_velada_del_a√±o_iii_|_24_horas_para_el_pesaje_|_hoy_juega_finetwork_koi
2023-06-28 21:29:00,3.4 hrs,68912.0,86650.0,5683.0,3_d√≠as_para_la_velada_del_a√±o_iii_|_lleg√≥_el_momento_|_se_prendi√≥_todo_|_√∫ltimo_directo_antes_del_evento
2023-06-27 18:16:00,3.1 hrs,99767.0,131244.0,4486.0,mayichi_ya_tiene_rival._4_d√≠as_para_la_velada_del_a√±o_iii.
2023-06-26 23:07:00,1.1 hrs,126010.0,147615.0,2523.0,amouranth_no_pelear√©_en_la_velada_del_a√±o_iii.
2023-06-26 17:34:00,4.3 hrs,50499.0,79516.0,3301.0,5_d√≠as_para_la_velada_del_a√±o_iii_|_juega_porcinas_fc_|_juega_koi_lec_(partido_clave)
2023-06-25 19:56:00,1.1 hrs,61496.0,73165.0,674.0,lec_co-stream_|_koi_vs_heretics_|_summer_w2_d2_|_#watchlec_-_road_to_worlds
2023-06-25 17:39:00,1.4 hrs,101719.0,130221.0,1488.0,porcinos_fc_vs_kuni_|_han_venido_a_comentar_lacobra_y_los_futbolitos_|_partido_clave_jornada_8_kings_league
2023-06-24 19:31:00,1.1 hrs,43884.0,53196.0,864.0,lec_co-stream_|_koi_vs_fnatic_|_summer_w2_d1_|_#watchlec_-_road_to_worlds
2023-06-22 18:26:00,3.1 hrs,43514.0,77036.0,1855.0,9_d√≠as_para_la_velada_del_a√±o_|_nuevo_jugador_de_porcinos_fc_|_koi_vs_bar√ßa
2023-06-21 19:51:00,2.9 hrs,159484.0,182584.0,4571.0,cara_a_cara_entre_los_boxeadores_de_la_velada_del_a√±o_iii_|_solo_quedan_10_d√≠as
2023-06-20 17:05:00,4.0 hrs,53400.0,77084.0,1668.0,11_d√≠as_para_la_velada_del_a√±o_iii_|_ma√±ana_cara_a_cara_entre_los_boxeadores_a_las_20:00_|_hoy_juega_koi
2023-06-19 17:26:00,5.8 hrs,68367.0,96408.0,2532.0,12_d√≠as_para_la_velada_del_a√±o_iii_|_after_kings_caliente_|_20:00_koi_-_mad_lions_|_lunes_buenardo
2023-06-18 20:44:00,1.0 hrs,45606.0,51866.0,192.0,lec_co-stream_|_koi_vs_bds_|_summer_w1_d2_|_#watchlec_-_road_to_worlds_#2
2023-06-18 17:44:00,1.3 hrs,74083.0,86729.0,683.0,porcinos_fc_vs_p√≠o_fc_|_kings_league_jornada_7
2023-06-17 18:22:00,2.9 hrs,43396.0,61410.0,591.0,xqc_a_kick_por_100_millones_|_porcinas_vs_troncas_|_hoy_vuelve_la_lec_|_road_to_worlds_d√≠a_|_koi_vs_excel
2023-06-16 15:35:00,5.0 hrs,37731.0,51250.0,2142.0,drop_double_metal_door_gucci_|_mi_√∫ltimo_d√≠a_en_bellum_|_15_d√≠as_para_la_velada_del_a√±o_iii
2023-06-15 11:28:00,10.4 hrs,44138.0,61345.0,3418.0,presentaci√≥n_jude_bellingham_|_mercato_real_madrid:_hablamos_del_caso_mbapp√©_|_16_d√≠as_para_la_velada_del_a√±o_iii
2023-06-14 16:06:00,4.8 hrs,49827.0,60816.0,2625.0,drop_garage_door_giorgio_armani_exclusive_drop_|_bellum_#4_|_bandorelos_stream_solo_para_gente_con_paciencia
2023-06-13 15:27:00,5.1 hrs,54494.0,67681.0,3224.0,bellum_#3_|_drop_garage_door_exclusive_gucci_door_free_|_stream_solo_para_abuelos_|_20:00_juega_koi
2023-06-12 15:25:00,4.7 hrs,56689.0,71566.0,3836.0,drop_√∫nico_|_bellum_#2_|_stream_solo_para_ancianos_y_gente_con_paciencia_|_soy_un_auntetico_inutil
2023-06-11 20:59:00,3.6 hrs,26486.0,35936.0,3267.0,drops_|_bellum_#1_|_soy_el_mejor_comerciante_de_la_ciudad
2023-06-11 17:50:00,1.4 hrs,73835.0,97467.0,869.0,porcinos_fc_vs_jijantes_|_hoy_tiro_penalti_|_jornada_6_kings_league
2023-06-10 16:07:00,2.8 hrs,27857.0,49026.0,990.0,porcinas_fc_vs_ultimate_mostoles_|_ma√±ana_empieza_bellum_charlamos_con_pol_de_nuestro_equipo
2023-06-09 17:31:00,2.4 hrs,89317.0,118669.0,877.0,presentaci√≥n_nuevo_boxeador_de_la_velada_del_a√±o_iii.
2023-06-08 20:55:00,0.8 hrs,56024.0,64622.0,175.0,superliga_-_verano_2023_-_league_of_legends_-_finetwork_koi_vs_giants_-_jornada_5
2023-06-08 19:14:00,1.3 hrs,76892.0,92943.0,622.0,nueva_baja_en_la_velada_del_a√±o_iii_|_un_boxeador_no_podr√°_participar.
2023-06-07 19:32:00,4.2 hrs,118204.0,144418.0,1211.0,disaster_chefs_|_la_gran_final_|_50.000_euros_en_juego.
2023-06-06 21:03:00,1.2 hrs,59335.0,85932.0,341.0,finetwork_koi_vs_team_heretics_|_superliga_verano_2023_|_jornada_4
2023-06-06 11:31:00,2.9 hrs,26183.0,32002.0,476.0,la_despedida_de_karim_benzema_|_acto_especial_con_florentino_|_actualidad_fichajes_real_madrid_y_leo_messi
2023-06-05 16:53:00,3.2 hrs,52001.0,67051.0,1230.0,¬ømessi_vuelve_al_bar√ßa?_|_mercato_real_madrid_|_repasamos_con_invitados_los_posibles_fichajes_del_madrid....caliente_caliente
2023-06-04 22:50:00,2.6 hrs,41174.0,50522.0,1402.0,"karim_benzema_fuera_del_madrid,_posibles_fichajes,_repaso_kings_league,_el_drama_del_descenso,_noticias_velada_del_a√±o_iii"
2023-06-04 17:39:00,1.4 hrs,83922.0,115207.0,1021.0,porcinos_fc_vs_elbarrio_|_kings_league_j5_|_jugamos_contra_el_campe√≥n.
2023-06-03 17:36:00,1.3 hrs,31851.0,42776.0,579.0,porcinas_fc_vs_pio_fc_|_queens_league_jornada_5
2023-06-02 17:17:00,4.0 hrs,37967.0,53643.0,1656.0,participo_en_el_concursillo_de_illojuan_y_voy_a_ganar.
2023-06-01 21:35:00,1.2 hrs,69834.0,86838.0,1368.0,superliga_-_verano_2023_-_league_of_legends_-_finetwork_koi_vs_rebels_-_jornada_03
2023-06-01 19:35:00,1.5 hrs,88442.0,105390.0,1426.0,presentaci√≥n_nuevo_boxeador_velada_del_a√±o_iii.
2023-06-01 17:02:00,2.4 hrs,52076.0,69248.0,1324.0,¬ødespedida_de_karim_benzema?_gala_especial_benzema_en_marca_-_messi_se_va_del_psg_-_19:30_nuevo_boxeador_de_la_velada_-_22:00_juega_koi
2023-05-31 21:32:00,4.9 hrs,46774.0,63863.0,3016.0,he_salido_a_la_calle_a_preguntar_qu√©_opinan_sobre_mi_-_ma√±ana_nuevo_boxeador_en_la_velada_-_bzrp_x_peso_pluma_-_v√≠deos_y_charlita_oleeee
2023-05-30 19:43:00,3.7 hrs,117018.0,143382.0,1999.0,disaster_chefs_#4_|_√∫ltimo_programa
2023-05-30 17:43:00,1.2 hrs,53648.0,68635.0,304.0,superliga_-_verano_2023_-_league_of_legends_-_j2_-_finetwork_koi_vs_guasones_|_a_las_19:30_disaster_chefs_#4
2023-05-29 17:40:00,1.2 hrs,56537.0,68337.0,313.0,superliga_verano_2023_|_finetwork_koi_vs_bisons_|_el_renacer_de_los_koisitos_|_jornada_1
2023-05-28 21:55:00,3.0 hrs,38395.0,43111.0,1274.0,post_partido_kings_league_|_vemos_los_resumenes_y_comentamos_la_polemica_|_ma√±ana_vuelve_koi_superliga
2023-05-28 17:41:00,1.4 hrs,72012.0,90975.0,715.0,porcinos_fc_vs_ultimate_mostoles_|_kings_league_j4_|_sorteo_entrada_doble_vip_para_la_velada_en_el_chat
2023-05-26 17:01:00,2.9 hrs,63908.0,78410.0,1528.0,no_habr√°_pelea_entre_viruzz_y_shelao._hablamos_de_la_velada_del_a√±o_iii_y_comentamos_posibles_soluciones.
2023-05-25 20:02:00,1.7 hrs,124524.0,146166.0,1130.0,noticia_importante_sobre_un_boxeador_de_la_velada_+_3.500_entradas_nuevas_a_la_venta
2023-05-24 16:39:00,5.4 hrs,32452.0,37944.0,1856.0,el_mejor_equipo_de_lol_del_planeta_se_junta_para_llegar_a_los_worlds_(hemos_fichado_al_yoya)_(solo_para_estas_partidas)
2023-05-23 19:11:00,3.0 hrs,57115.0,76974.0,1347.0,"mi_nuevo_pc_de_nate_gentile,_v√≠deo_especial_10_millones,_charleta_y_trivials_de_toda_la_vida."
2023-05-22 18:33:00,2.4 hrs,51753.0,65489.0,838.0,after_kings_|_repasamos_toda_la_jornada_de_la_kings_league_|_ya_estoy_en_espa√±a
2023-05-21 20:44:00,1.3 hrs,80750.0,95634.0,661.0,porcinos_fc_vs_troncos_fc_|_kings_league_jornada_3
2023-05-21 12:45:00,3.6 hrs,68150.0,89947.0,928.0,gran_final_msi_2023_|_jdg_vs_blg_#msi2023
2023-05-20 12:41:00,4.2 hrs,68906.0,106327.0,929.0,msi_2023_costream_|_t1_vs_blg_|_semifinales_|_el_que_gane_a_la_final_#msi2023
2023-05-19 13:42:00,3.2 hrs,55231.0,75288.0,615.0,msi_costream_2023_|_geng_vs_blg_|_desde_el_estadio_de_londres_|_fase_final
2023-05-18 13:46:00,4.3 hrs,57735.0,84818.0,688.0,msi_2023_costream_|_t1_vs_jdg_|_semifinales
2023-05-17 20:22:00,2.7 hrs,74133.0,107295.0,2254.0,"reacci√≥n_hist√≥rica_city_-_real_madrid_-_no_creo,_no?"
2023-05-16 13:47:00,4.5 hrs,56501.0,74475.0,578.0,msi_2023_costream_|_g2_vs_blg_|_el_que_pierda_eliminado_|_el_que_gane_a_las_finales
2023-05-15 17:02:00,3.2 hrs,46535.0,53942.0,1288.0,after_kings_|_repasamos_toda_la_polemica_|_gerard_frutero_y_sus_marionetas
2023-05-14 18:37:00,1.3 hrs,80255.0,112666.0,689.0,kings_league_j2_|_porcinos_fc_vs_saiyans_|_el_clasico
2023-05-13 12:43:00,7.2 hrs,59671.0,81959.0,2453.0,msi_2023_costream_|_t1_vs_geng_|_mad_lions_vs_g2_|_fase_final
2023-05-12 21:43:00,4.5 hrs,54805.0,69528.0,1415.0,vct_emea_2023_|_koi_vs_team_heretics_|_the_last_dance
2023-05-11 19:31:00,3.7 hrs,98034.0,115784.0,1315.0,disaster_chefs_#3.
2023-05-10 17:47:00,3.1 hrs,39116.0,53861.0,835.0,vct_emea_2023_|_koi_vs_fnatic_|_el_milagro_de_berlin
2023-05-10 13:43:00,3.0 hrs,67045.0,81625.0,753.0,msi_2023_costream_|_mad_lions_vs_t1_|_elyoya_vs_faker.
2023-05-09 20:34:00,2.5 hrs,49146.0,60601.0,1317.0,real_madrid_-_manchester_city_-_reaccionando_a_las_semifinales_de_champions_con_gente_muy_variopinta
2023-05-09 13:43:00,3.5 hrs,54950.0,76248.0,840.0,costream_msi_2023_|_geng_vs_g2_|_el_campe√≥n_de_corea_vs_g2_hoy_so√±amos
2023-05-08 17:13:00,3.0 hrs,52135.0,62061.0,331.0,after_kings_|_porcinos_gan√≥_|_yo_met√≠_el_penalti_|_hablamos_de_toda_la_pol√©mica_|_¬øse_viene_sanci√≥n?
2023-05-07 19:56:00,1.1 hrs,85415.0,109749.0,924.0,el_nuevo_porcinos_fc_|_kings_league_j1_|_porcinos_fc_vs_xbuyer_team_|_hoy_tiro_penalti
2023-05-07 13:29:00,2.3 hrs,32922.0,44238.0,800.0,empieza_la_kings_league_|_primer_partido_de_porcinos_fc_|_previa_y_chup_chup
2023-05-06 18:39:00,1.4 hrs,60539.0,81492.0,1022.0,queens_league_j1_~_debut_de_las_porcinas_fc_-_porcinas_vs_kunitas
2023-05-06 12:48:00,2.6 hrs,24348.0,30592.0,597.0,costream_msi_2023_|_r7_vs_gg_|_fase_final_del_play-in_|_el_milagro_de_latinoamerica
2023-05-05 17:00:00,2.2 hrs,50953.0,58733.0,835.0,los_sueldos_de_los_jugadores_en_la_kings_league._comentamos_lo_que_est√°_pasando.
2023-05-04 21:17:00,2.3 hrs,248024.0,301819.0,3517.0,anuncio_artistas_de_la_velada_del_a√±o_iii_y_salen_las_entradas_a_la_venta.
2023-05-04 16:34:00,2.2 hrs,46245.0,55114.0,685.0,costream_msi_2023_|_g2_vs_psg_|_a_las_21:00_entradas_y_artistas_de_la_velada_iii
2023-05-03 19:31:00,3.9 hrs,179390.0,210487.0,2572.0,disaster_chefs_#2.
2023-05-03 13:47:00,1.8 hrs,33285.0,45231.0,416.0,msi_2023_costream_|_r7_vs_blg_|_hoy_juega_latam_dale_papaaaaaaa
2023-05-02 13:41:00,4.4 hrs,50843.0,67679.0,1108.0,msi_2023_costream_|_dfm_vs_psg_|_g2_vs_loud_|_d√≠a_1
2023-05-01 22:03:00,2.4 hrs,46065.0,51093.0,1333.0,el_que_acierte_los_artistas_de_la_velada_del_a√±o_iii_se_lleva_1.000_euros_y_una_entrada_vip.
2023-04-30 20:21:00,3.5 hrs,49957.0,71759.0,2667.0,among_us_con_los_presidentes_de_la_kings_league_+_anuncio_participantes_disaster_chefs_#2
2023-04-27 21:40:00,4.2 hrs,69661.0,89857.0,2686.0,koi_vs_kcorp_|_espa√±a_vs_francia_|_primer_partido_oficial_de_la_historia_|_vct_emea_2023
2023-04-26 20:00:00,3.2 hrs,86935.0,98648.0,1677.0,charla_con_todos_los_boxeadores_de_la_velada_del_a√±o_iii_|_8_d√≠as_para_las_entradas
2023-04-25 21:34:00,2.5 hrs,36748.0,41321.0,1683.0,doy_2.000_euros_a_mis_suscriptores_para_que_compren_decoraci√≥n_para_mi_casa
2023-04-24 17:02:00,3.4 hrs,57816.0,66849.0,1489.0,cierre_del_mercato_de_la_kings_league_|_√∫ltimo_d√≠a_de_mercato_|_√∫ltimos_clausulazos_|_se_vienen_lloros
2023-04-23 21:18:00,3.8 hrs,45500.0,59725.0,2783.0,quinto_mapa_final_de_la_lec_-_si_te_ries_pierdes
2023-04-21 18:47:00,3.8 hrs,101523.0,123865.0,2557.0,torneo_basket_3x3_entre_streamers_|_streamer_cup_|_con_antoni_daimiel
2023-04-20 21:37:00,3.5 hrs,34744.0,44482.0,1551.0,aprendiendo_a_jugar_valorant_con_el_mejor_team_del_mundo.
2023-04-19 19:36:00,4.1 hrs,138779.0,163493.0,2484.0,"disaster_chefs_2_#1_|_nuevo_plat√≥,_nuevos_participantes,_nuevos_platos_de_comida"
2023-04-18 17:05:00,2.6 hrs,46056.0,56937.0,1177.0,"la_velada_del_a√±o_iii:_reaccionamos_a_los_entrenamientos,_artistas_y_respondiendo_preguntas."
2023-04-17 17:01:00,3.5 hrs,66102.0,79886.0,1614.0,hoy_se_presentan_los_clausulazos_|_mercato_kings_league_√∫ltima_ventana_|_porcinos_fc_ha_pagado_dos_clausulas_|_porcinas_fc_ha_nacido.
2023-04-16 19:45:00,2.7 hrs,81694.0,107912.0,1216.0,2023_lec_spring_-_group_stage_-_d√≠a_4_koi_vs_g2
2023-04-16 18:10:00,1.6 hrs,31761.0,37198.0,512.0,draft_queens_league_|_hoy_nace_porcinas_fc
2023-04-15 16:45:00,2.6 hrs,38504.0,45737.0,1647.0,analizando_el_draft_de_la_queens_league_|_las_futuras_jugadoras_de_porcinas_|_ma√±ana_es_el_draft_|_presentaci√≥n_disaster_chefs
2023-04-14 16:46:00,3.3 hrs,58112.0,77770.0,1531.0,la_nueva_estrella_de_porcinos_fc_|_el_final_del_mercato_|_d√≠a_grande_hoy
2023-04-13 21:49:00,2.6 hrs,71280.0,89130.0,1434.0,stream_de_urgencia_mercato_kings_league_|_pero_qu√©_est√°_pasando
2023-04-13 17:54:00,2.5 hrs,43330.0,55476.0,1031.0,vct_emea_2023_|_koi_vs_fut_|_jornada_4_|_esto_es_una_final
2023-04-12 19:46:00,4.5 hrs,67280.0,93323.0,5050.0,el_hoyo_|_el_evento_de_minecraft_m√°s_dram√°tico
2023-04-11 16:41:00,4.2 hrs,65576.0,90010.0,2077.0,mercato_kings_league_|_porcinos_fc_ha_hecho_su_mayor_clausulazo_|_repasamos_todos_los_fichajes_|_19:00_anuncio
2023-04-10 19:45:00,1.5 hrs,65534.0,92035.0,426.0,2023_lec_spring_-_group_stage_-_d√≠a_3_-_koi_vs_bds
2023-04-10 15:56:00,3.8 hrs,79688.0,125515.0,1903.0,d√≠a_de_clausulazos_|_36_fichajes_nuevos_hoy_|_3_nuevos_para_porcinos_fc_|_ayer_koi_hizo_historia_|_hoy_a_las_20:00_vs_bds
2023-04-09 19:45:00,2.7 hrs,84213.0,110182.0,1254.0,koi_vs_g2_|_lec_2023_|_bo3
2023-04-09 16:03:00,3.7 hrs,82728.0,112836.0,2782.0,mercato_kings_league_|_nuevo_fichaje_de_porcinos_fc_|_hoy_se_rompe_el_mercado_|_20:00_koi_vs_g2_bo3_boooof
2023-04-07 19:54:00,2.7 hrs,53333.0,73155.0,1369.0,vct_emea_-_koi_vs_giants_-_jornada_3
2023-04-06 16:55:00,5.0 hrs,77876.0,111948.0,3523.0,mercato_kings_league_|_hoy_se_viene_un_d√≠a_hist√≥rico_|_caliente_caliente_caliente_el_mercado
2023-04-05 19:31:00,3.7 hrs,76016.0,87536.0,3250.0,desde_el_camp_nou_reaccionando_al_cl√°sico_|_bar√ßa_vs_real_madrid_con_gerard_romero
2023-04-04 16:56:00,5.8 hrs,99448.0,152019.0,4670.0,ayer_se_l√≠o_mucho_|_mercato_kings_league_m√°s_caliente_que_nunca_|_bienvenido_jacobo_|_hablamos_de_todo
2023-04-03 16:40:00,6.1 hrs,119507.0,176414.0,4463.0,"empieza_el_mercato_de_la_kings_league_|_desde_el_cupra_arena_|_clausulas,_fichajes_y_sorpresas"
2023-04-02 17:56:00,5.5 hrs,67393.0,88821.0,3089.0,24_horas_para_el_inicio_del_mercato_|_cara_a_cara_con_gabriel_cichero_|_ma√±ana_se_prende_todo
2023-04-01 20:14:00,3.5 hrs,62950.0,69347.0,2057.0,"el_kun_ha_venido_a_casa_|_mercato_kings_league,_charlamos_de_la_vida,_de_leo..."
2023-03-31 16:56:00,3.1 hrs,96047.0,115312.0,1866.0,anuncio_del_nuevo_fichaje_de_porcinos_fc.
2023-03-30 20:52:00,3.0 hrs,71666.0,87478.0,1566.0,vct_emea_2023_|_koi_vs_vitality_|_jornada_2
2023-03-30 16:50:00,3.6 hrs,84392.0,105095.0,2317.0,mercato_kings_league_|_pongo_las_clausulas_a_los_jugadores_de_porcinos_fc_|_primer_fichaje_cerrado_|_a_las_20:00_koi_vs_vit_en_vct
2023-03-28 17:29:00,4.3 hrs,65519.0,80048.0,2048.0,mercato_kings_league_|_fichajes_de_porcinos_fc_para_la_temporada_que_viene_|_ponemos_clausulas
2023-03-27 21:46:00,0.8 hrs,50908.0,64943.0,258.0,lec_costream_|_koi_vs_vitality_|_spring_split_2023
2023-03-27 17:50:00,3.4 hrs,59577.0,97351.0,1649.0,vct_emea_2023_|_koi_vs_navi_|_jornada_1_|_primer_partido_en_la_historia_de_koi_en_europa
2023-03-27 15:12:00,2.2 hrs,50393.0,58975.0,1107.0,hicimos_historia_en_el_camp_nou_|_elbarrio_campe√≥n_|_18:00_vct_valorant_|_22:00_koi_lec_|_boooooooof
2023-03-26 13:14:00,2.9 hrs,137921.0,306606.0,4190.0,previa_finales_kings_league_desde_el_camp_nou
2023-03-24 22:37:00,1.9 hrs,71035.0,77175.0,1450.0,post_partido_kings_league_|_somos_unos_desgraciados
2023-03-24 19:25:00,2.0 hrs,107661.0,159668.0,2024.0,poricnos_fc_vs_aniquiladores_|_playoffs_kings_league_|_cuartos_de_final
2023-03-23 18:08:00,2.1 hrs,62843.0,83119.0,1543.0,el_gran_men√∫_de_ibai_|_probando_y_presentando_mi_men√∫_|_a_las_19:00_disponible_en_espa√±a
2023-03-21 18:29:00,3.8 hrs,67730.0,92084.0,2018.0,after_del_after_kings_|_reuni√≥n_de_presidentes_|_anuncio_del_gran_men√∫_de_ibai_|_se_viene_el_mejor_men√∫_del_planeta
2023-03-20 21:46:00,1.0 hrs,71323.0,93387.0,480.0,costream_lec_|_koi_vs_fnatic_|_week_2_day_3_|_2023_lec_spring
2023-03-20 16:58:00,2.9 hrs,54674.0,77351.0,2488.0,entrevista_con_rauw_alejandro_y_rosal√≠a_(a_las_19:00)_|_koi_vs_fnatic_a_las_22:00_|_muy_mala_noticia_para_porcinos_necesito_ayuda
2023-03-19 23:17:00,2.1 hrs,43147.0,50804.0,1657.0,ha_ganado_porcinos_|_ha_ganado_koi_|_ha_perdido_el_madrid_|_analizamos_todo_-_noche_√©pica
2023-03-19 16:40:00,1.4 hrs,87269.0,116309.0,1305.0,kings_league_|_porcinos_fc_vs_elbarrio_|_√∫ltima_jornada_de_liga_|_nos_lo_jugamos_todo.
2023-03-18 21:38:00,1.1 hrs,43859.0,63278.0,380.0,costream_lec_|_koi_vs_g2_|_week_2_day_1_|_2023_lec_spring
2023-03-17 16:57:00,3.5 hrs,60365.0,74695.0,1945.0,chup_chup_de_la_kings_league_|_mecarto_de_fichajes_|_este_domingo_√∫ltima_jornada_se_decide_todo
2023-03-16 21:20:00,3.4 hrs,44374.0,50366.0,2970.0,proyecto_176_-_cap√≠tulo_2_-_el_mejor_equipo_de_la_historia
2023-03-15 16:59:00,4.3 hrs,56386.0,69551.0,3454.0,proyecto_176_-_cap√≠tulo_1_-_la_t√≠pica_serie_donde_soy_muy_malo_pero_os_lo_pas√°is_bien
2023-03-14 16:59:00,3.3 hrs,62064.0,83048.0,1893.0,proyecto_176_-_creaci√≥n_del_pj_-_gta_con_zombies_pinta_guapo_-_mercado_fichajes_kings_league
2023-03-13 21:31:00,2.7 hrs,30125.0,35237.0,1084.0,el_after_kings_m√°s_caliente_|_toda_la_p√≥lemica_arbrital_|_gerard_piqu√©_danos_explicaciones
2023-03-13 17:15:00,3.3 hrs,60875.0,89140.0,2026.0,mi_cambio_f√≠sico_|_el_robo_a_porcinos_fc_|_a_las_20:00_koi_vs_mad_lions_|_a_la_noche_after_kings
2023-03-12 22:27:00,1.4 hrs,64346.0,84701.0,853.0,costream_lec_|_koi_vs_team_heretics_|_week_1_day_2_|_2023_lec_spring
2023-03-12 18:40:00,1.6 hrs,90514.0,138124.0,1817.0,kings_league_j10_|_porcinos_fc_vs_aniquiladores_|_esto_es_una_final.
2023-03-11 20:43:00,1.0 hrs,56168.0,68224.0,496.0,costream_lec_|_koi_vs_astralis_|_week_1_day_1_|_2023_lec_spring
2023-03-11 17:10:00,2.7 hrs,54857.0,65119.0,2671.0,si_te_r√≠es_pierdes_|_a_las_21:00_koi_vs_astralis_en_lec_|_ma√±ana_kings_league_vs_juan_y_koi_-_heretics
2023-03-10 20:01:00,3.0 hrs,23651.0,26160.0,1758.0,chup_chup_kings_league_|_especial_finales_camp_nou|_anuncios_muy_importantes_sobre_las_finales
2023-03-09 20:34:00,4.2 hrs,56521.0,72452.0,3720.0,charla_de_f√∫tbolcon_los_futbolitos_y_lacobra_|_√∫ltimo_partido_de_koi_|_el_s√°bado_empieza_la_lec
2023-03-08 20:37:00,4.6 hrs,52730.0,65757.0,6237.0,"evento_post_squid_games_de_spreen_""el_cielo""_|_video_con_escorpi√≥n_dorado_|_documental_esland_|_psg_vs_bayern"
2023-03-07 17:45:00,3.6 hrs,55005.0,73023.0,3526.0,de_compras_con_rauw_alejandro_|_el_futuro_del_contenido_en_twitch_|_v√≠deo_de_viruzz_velada_del_a√±o_iii
2023-03-05 21:34:00,2.3 hrs,85775.0,97579.0,4527.0,reaccionando_al_final_de_los_squid_games_2_|_sapnap_campe√≥n.
2023-03-05 17:43:00,1.4 hrs,87624.0,107727.0,2482.0,kings_league_|_porcinos_fc_vs_ultimate_mostoles_|_ibai_vs_djmariio_por_el_liderato.
2023-03-04 15:58:00,3.1 hrs,77638.0,117626.0,7801.0,reaccionando_a_los_squid_games_2_|_viendo_todas_las_muertes_|_llega_la_final
2023-03-03 16:04:00,5.7 hrs,109768.0,177255.0,23247.0,toda_la_pol√©mica_de_los_squid_games_2_|_¬økomanche?_¬øander?_¬øspreen?_¬ømbapp√©?_|_pov:_el_guardia_loco
2023-03-02 16:02:00,6.0 hrs,82200.0,134310.0,27543.0,reaccionando_a_todas_las_muertes_de_los_squid_|_pov:_ibai_el_guardia_novato_|_vuelta_al_curro
2023-03-01 16:51:00,4.7 hrs,73581.0,106627.0,25589.0,reaccionando_a_todas_las_muertes_de_los_squid_|
2023-02-28 15:45:00,6.0 hrs,72754.0,88451.0,39168.0,la_velada_del_a√±o_iii_|_squid_games_2_d√≠a_1_|_pov:_el_que_morir√°_el_primero
2023-02-27 19:47:00,3.3 hrs,603995.0,762430.0,32811.0,presentaci√≥n_velada_del_a√±o_iii.
2023-02-26 20:33:00,2.5 hrs,310781.0,403174.0,14596.0,ronaldinho_en_porcinos_fc_|_porcinos_vs_pio_|_hoy_juega_ronaldinho_en_la_kings_league
2023-02-25 17:49:00,3.6 hrs,79286.0,95271.0,3068.0,lec_co-stream_|_koi_vs_mad_lions_|_winter_lower_semifinal_|_bo5
2023-02-23 22:54:00,2.0 hrs,160707.0,237762.0,2565.0,el_nuevo_fichaje_de_porcinos_|_uno_de_los_mejores_de_la_historia_|_hoy_se_rompe_internet
2023-02-23 17:42:00,1.2 hrs,49076.0,63706.0,995.0,finetwork_koi_vs_guasones_|_jornada_13_|_superliga_league_of_legends
2023-02-22 18:01:00,4.2 hrs,144357.0,168818.0,4441.0,gran_premio_de_twitch_2_|_evento_de_karts_entre_22_streamers_|_clasificaci√≥n_y_carrera
2023-02-21 22:51:00,2.0 hrs,49324.0,53943.0,2253.0,squid_games_2_|_ma√±ana_a_las_18:00_gp_de_twitch_2_|_hist√≥rico_real_madrid_|_6_d√≠as_para_la_velada_del_a√±o_iii_|_charla_nocturna
2023-02-20 17:44:00,3.8 hrs,105692.0,140737.0,2369.0,costream_lec_|_koi_vs_g2_|_final_winner_bracket_bo5_|_lec_winter_2023
2023-02-19 22:01:00,3.5 hrs,57610.0,64860.0,2543.0,le_he_metido_un_penalti_a_casillas_|_post_partido_de_la_kings_league_|_ma√±ana_koi_vs_g2_a_a_las_18:00_|_8_d√≠as_para_la_velada_iii
2023-02-19 16:44:00,1.5 hrs,156442.0,185593.0,2057.0,kings_league_|_porcinos_fc_vs_1k_|_le_voy_a_tirar_un_penalti_a_iker_casillas_|_jornada_7
2023-02-18 21:30:00,2.9 hrs,35674.0,39587.0,1330.0,especial_programa_kings_league_|_se_viene_bombazo_|_con_todos_los_presidentes
2023-02-18 17:11:00,3.2 hrs,66981.0,76328.0,3011.0,la_velada_de_jordi_wild_|_a_las_21:30_programa_especial_de_la_kings_league_|_se_viene_locura_|_9_d√≠as_para_el_anuncio_de_la_velada_iii
2023-02-16 18:09:00,3.8 hrs,51035.0,70729.0,3384.0,anuncio_del_primer_gran_evento_del_a√±o_|_11_d√≠as_para_la_presentaci√≥n_de_la_velada_|_a_las_21:00_finetwork_koi_vs_fc_barcelona
2023-02-15 18:24:00,1.8 hrs,51463.0,57090.0,1510.0,entrenando_con_porcinos_fc_|_ibai_futbolista
2023-02-14 16:45:00,2.8 hrs,51377.0,61926.0,2343.0,probando_el_men√∫_de_illojuan_|_13_d√≠as_para_la_presentaci√≥n_de_la_velada_iii_|_finetwork_koi_vs_ucam_a_las_19:00_|_charlamos
2023-02-13 17:37:00,2.8 hrs,86915.0,105637.0,2063.0,co-stream_lec_y_vct_|_koi_vs_vitality_en_lec_y_koi_vs_nrg_en_valorant_vct_|_koirrusel
2023-02-12 19:41:00,1.4 hrs,110622.0,142282.0,1989.0,kings_league_|_porcinos_fc_vs_xbuyer_team_|_vuelvo_a_tirar_un_penalti_|_jornada_6
2023-02-11 20:26:00,2.0 hrs,84873.0,100415.0,1778.0,lec_co-stream_|_koi_vs_sk_gaming_|_2023_lec_winter_group_stage_-_day_1
2023-02-09 17:15:00,3.3 hrs,52137.0,75261.0,3187.0,desbaneando_a_la_gente_de_mi_canal_|_20:00_finetwork_koi_vs_rebels
2023-02-08 18:36:00,3.0 hrs,80462.0,93347.0,4420.0,si_te_ries_pierdes_|_hablamos_de_la_velada_del_a√±o_iii_se_viene_anuncio
2023-02-07 17:16:00,6.0 hrs,70424.0,147360.0,10567.0,gran_final_minecraft_extremo_|_la_vuelta_de_ibai_pescador_|_finetwork_koi_vs_giants_a_las_21:00_|_muchas_cosas_que_hablar
2023-02-06 18:47:00,1.1 hrs,86279.0,96701.0,768.0,lec_co-stream_|_koi_vs_astralis_|_2023_lec_winter_w3d3
2023-02-05 21:57:00,0.9 hrs,97555.0,110045.0,833.0,lec_costream_|_g2_esports_-_koi_|_2023_lec_winter_-_w3d2
2023-02-05 18:37:00,1.4 hrs,131733.0,168860.0,3130.0,kings_league_|_porcinos_fc_vs_jijantes_fc_|_hoy_me_toca_tirar_un_penalti_|_jornada_5
2023-02-04 21:38:00,0.9 hrs,79260.0,86802.0,621.0,lec_costream_|_koi_vs_team_vitality_|_2023_lec_winter_-_w3d1
2023-02-03 17:06:00,2.6 hrs,50081.0,61497.0,2912.0,previa_de_la_kings_league_|_porcinos_fc_vs_jijantes_el_domingo_|_estoy_cerrando_el_fichaje_del_a√±o.
2023-02-02 17:13:00,3.7 hrs,73592.0,89477.0,5258.0,compr√©_comida_mexicana_en_un_mercado_de_m√©xico_y_voy_a_probarla_en_directo_|_20:00_finetwork_koi_vs_movistar_riders_|_sorteo_entradas_velada
2023-02-01 20:05:00,2.3 hrs,56499.0,70828.0,3316.0,jugando_al_fifa_contra_auronplay_(streamer_del_a√±o_si_no_fuera_por_mis_amigos)
2023-01-31 21:44:00,3.0 hrs,68479.0,85275.0,5656.0,ganador_de_streamer_y_evento_del_a√±o_prende_directo_y_charla
2023-01-30 19:46:00,1.1 hrs,82633.0,93749.0,1221.0,koi_vs_sk_jornada_6_lec_invierno_2023
2023-01-30 15:07:00,4.3 hrs,105999.0,133186.0,9013.0,hablemos_de_los_premios_esland_desde_mexico_a_las_20:00_koi_vs_sk_nos_jugamos_todo
2023-01-28 17:45:00,3.5 hrs,119762.0,149169.0,7492.0,mi_primer_directo_desde_mexico_a_las_20:00_koi_vs_team_heretics_en_la_lec
2023-01-26 20:45:00,1.2 hrs,55399.0,70141.0,744.0,finetwork_koi_vs_team_heretics_|_jornada_4_superliga_2023
2023-01-26 16:05:00,4.7 hrs,61651.0,93482.0,6230.0,minecraft_extremo_#6_|_super_armadura_y_super_jugador_|_1/3_vidas_|_a_las_21:00_finetwork_koi_vs_heretics
2023-01-25 15:43:00,5.0 hrs,68070.0,98312.0,8296.0,minecraft_extremo_#5_|_solo_me_queda_una_vida_|_spreen_mi_casita_auron_mi_casita_no_pelien_|_hoy_se_acaba_esto
2023-01-24 17:46:00,1.0 hrs,63281.0,67552.0,407.0,finetwork_koi_vs_guasones_|_jornada_4_superliga_2023_|_√∫ltimo_contra_√∫ltimo_|_hoy_m√°s_de_koi_que_nunca
2023-01-23 21:14:00,1.2 hrs,90546.0,114436.0,750.0,koi_vs_fnatic_|_jornada_3_lec_2023_invierno_|_hoy_es_un_d√≠a_hist√≥rico
2023-01-23 15:53:00,4.5 hrs,65273.0,84781.0,6702.0,minecraft_extremo_#4_|_hoy_se_acaba_esto_|_koi_vs_fnatic_a_las_21:00_goooooooooood_|_ayer_gan√≥_koi_y_porcinos_fc.
2023-01-22 20:54:00,1.3 hrs,84258.0,114132.0,1190.0,koi_vs_excel_|_lec_jornada_2_|_invierno_2023_|_costream_oficial
2023-01-22 18:30:00,1.6 hrs,103959.0,147688.0,3257.0,kings_league_jornada_4_|_porcinos_fc_-_rayo_de_barcelona_|_vamos_porcinos_dale_porcinos
2023-01-21 19:08:00,1.4 hrs,91225.0,99698.0,1258.0,debutamos_en_la_lec_|_koi_vs_bds_|_primera_jornada_lec_invierno_2023_|_costream_oficial
2023-01-20 19:06:00,2.6 hrs,43672.0,50805.0,1808.0,programa_especial_kings_league_|_todos_los_presidentes_nos_reunimos_para_dar_la_noticia_del_mes
2023-01-19 20:55:00,1.0 hrs,60017.0,68769.0,899.0,finetwork_koi_vs_bisons_|_superliga_jornada_3
2023-01-19 15:54:00,5.0 hrs,64368.0,98945.0,9736.0,minecraft_extremo_#3_|_ibai_pescanova_|_finetwork_koi_vs_bisons_a_las_21:00_|_tenemos_costream_de_la_lec
2023-01-18 16:09:00,4.4 hrs,71139.0,99182.0,8089.0,minecraft_extremo_d√≠a_2_|_3_vidas_|_mejor_jugador_de_minecraft_del_planeta
2023-01-17 17:07:00,5.0 hrs,58124.0,75011.0,8614.0,minecraft_extremo_#1_|_finetwork_koi_vs_fc_barcelona_jornada_2_superliga_a_las_21:00_|_10_millones_de_suscriptores_en_youtube
2023-01-16 22:15:00,1.0 hrs,71393.0,93494.0,826.0,superliga_jornada_1_|_el_debut_de_finetwork_koi_2023_|_finetwork_koi_vs_ucam_|_vuelve_el_lol_vuelve_el_sufrimiento
2023-01-15 18:38:00,1.8 hrs,232302.0,289137.0,7967.0,kings_league_jornada_3_|_porcinos_fc_vs_kunisports_|_jugamos_contra_el_joker_¬øqui√©n_ser√°?_lo_sabremos_ahora
2023-01-14 17:05:00,4.3 hrs,94621.0,114799.0,7978.0,¬øqui√©n_es_el_joker?_vamos_a_encontrarlo_todos_juntos_|_ma√±ana_partido_contra_el_kun_no_tengo_miedo_vamos_porcinos
2023-01-13 21:00:00,1.9 hrs,76617.0,91934.0,2818.0,chup_chup_de_la_kings_league_|_con_gerard_piqu√©_y_todos_los_presidentes_|_juego_el_domingo_contra_el_kun_y_me_va_a_dar_una_sorpresa
2023-01-12 17:13:00,4.8 hrs,37790.0,47265.0,6475.0,fall_guys_con_los_tetoners_y_seguimos_minecraft_extremo_(en_cuanto_muera_cierro_directo)
2023-01-11 23:47:00,1.8 hrs,135218.0,212254.0,3830.0,bzrp_music_session_#53_shakira
2023-01-10 21:19:00,3.4 hrs,57658.0,70458.0,4557.0,si_me_muero_una_vez_en_minecraft_se_acaba_el_directo
2023-01-09 20:53:00,3.4 hrs,43353.0,51351.0,3143.0,"programa_especial_post_partido_de_la_kings_league_con_presidentes_|_resumenes,_goles_y_p√≥lemica_arbitral"
2023-01-08 18:39:00,1.4 hrs,157536.0,216715.0,4151.0,jornada_2_kings_league_|_porcinos_fc_vs_los_troncos_fc_|_vamos_porcinos_dale_dale
2023-01-07 16:51:00,6.9 hrs,68309.0,118520.0,9569.0,ibain√©fico_2023:_d√≠a_2_|_para_donar_üëâ_https://tiltify.com/@ibai/ibainefico-2023_üíú
2023-01-06 16:38:00,6.9 hrs,80950.0,108481.0,10100.0,ibain√©fico_2023:_d√≠a_1_|_para_donar_üëâ_https://tiltify.com/@ibai/ibainefico-2023/
2023-01-05 21:08:00,1.4 hrs,84758.0,116465.0,2354.0,ibain√©fico_2023:_el_draft.
2023-01-04 21:08:00,3.6 hrs,56137.0,65119.0,6579.0,si_te_ries_pierdes_+_anuncio_participantes_ibain√©fico
2023-01-02 17:36:00,3.6 hrs,59783.0,74731.0,5245.0,"primera_jornada_kings_league,_campanadas,_enero_de_ibainefico,_lec,_superliga,_feliz_2023_empieza_un_nuevo_a√±o"
2023-01-01 20:35:00,1.6 hrs,236735.0,322938.0,7887.0,porcinos_fc_vs_saiyans_fc_|_primera_jornada_de_la_kings_league_|_ibai_contra_digrefg_capitulo_241
2022-12-31 21:31:00,2.5 hrs,196053.0,446413.0,9771.0,las_campanadas_con_ibai_2022_|_desde_la_puerta_del_sol_en_madrid
2022-12-28 20:01:00,3.4 hrs,60675.0,81131.0,4714.0,youtube_rewind_2022.
2022-12-27 20:00:00,3.1 hrs,166201.0,196239.0,3984.0,el_draft_de_la_kings_league_|_hoy_nace_porcinos_f.c.
2022-12-26 17:29:00,1.8 hrs,62098.0,63846.0,1792.0,charlando_con_quevedo_(el_cantante)_juntos_desde_casa
2022-12-24 16:46:00,3.1 hrs,53255.0,63281.0,3500.0,especial_navidad_|_haciendor_regalos_a_viewers_y_streamers_|_lleg√≥_ibainoel
2022-12-23 17:09:00,4.3 hrs,39680.0,44949.0,3930.0,la_vuelta_de_los_tetoners_(sin_auron)_doy_contexto_sobre_lo_que_ha_pasado.
2022-12-22 20:44:00,3.0 hrs,46824.0,56032.0,2863.0,estreno_primer_v√≠deo_cambio_f√≠sico_(o_quiz√°_no)_y_charlita_con_trivials_rollo_old_school_!navidad
2022-12-20 21:25:00,3.5 hrs,59415.0,70783.0,2626.0,"mis_votos_en_los_esland,_ha_llegado_la_caja_de_netflix,_viendo_a_los_jugadores_de_la_kings_league._!navidad"
2022-12-19 21:00:00,3.1 hrs,77710.0,85308.0,3298.0,"premios_esland,_twitch_nos_ha_enviado_un_regalo,_colaboraci√≥n_con_netflix,_tengo_gimnasio_en_casa"
2022-12-18 18:56:00,2.5 hrs,82900.0,100724.0,3084.0,argentina_campeona_del_mundo.
2022-12-17 18:37:00,2.6 hrs,54093.0,61508.0,1879.0,hablando_del_evento_de_ayer.
2022-12-16 18:55:00,4.7 hrs,71851.0,84744.0,2824.0,presentaci√≥n_koi_2023_|_koi_vs_fnatic_al_mejor_de_3.
2022-12-15 20:00:00,2.4 hrs,113558.0,137101.0,1684.0,evento_presentaci√≥n_de_la_kings_league_y_presentaci√≥n_de_mi_segundo_fichaje.
2022-12-13 21:47:00,2.8 hrs,58562.0,79086.0,3174.0,argentina_en_la_final_del_mundo_|_hablamos_de_la_charla_de_luis_y_el_√∫ltimo_en_pie_|_3_d√≠as_para_el_evento_de_koi_!navidad
2022-12-12 21:04:00,1.8 hrs,357948.0,381417.0,5395.0,charlando_con_luis_enrique.
2022-12-11 18:07:00,7.6 hrs,244013.0,292757.0,8593.0,el_√∫ltimo_en_pie.
2022-12-10 23:40:00,3.6 hrs,80249.0,98383.0,3216.0,final_internacional_red_bull_2022.
2022-12-09 22:44:00,2.8 hrs,58902.0,71768.0,2984.0,"argentina_en_semis,_brasil_eliminada,_evento_de_koi_en_7_d√≠as"
2022-12-08 20:56:00,3.6 hrs,50172.0,61546.0,3223.0,anuncio_participantes_el_√∫ltimo_en_pie_|_charla_entre_messi_y_kun_|_evento_de_koi_en_camino_|_muchas_cosas_de_las_que_hablar
2022-12-07 16:53:00,4.8 hrs,36529.0,51237.0,3675.0,torneo_fortnite_thegrefg_50.000_euros_en_juegos_contra_streamers_muy_malos_pero_a√∫n_as√≠_yo_soy_peor_jaja_!navidad
2022-12-06 17:53:00,2.0 hrs,86783.0,136211.0,3988.0,drama_absoluto_el_espa√±a_-_marruecos_yo_no_puedo_m√°s.
2022-12-05 20:57:00,3.0 hrs,30035.0,37364.0,2047.0,drops_de_fornite_activados_|_jugamos_con_viewers_|_cada_vez_que_pierda_5_subs_|_hablamos_del_√∫ltimo_en_pie_|_jap√≥n_y_corea_fuera_del_mundial
2022-12-04 20:49:00,4.1 hrs,37117.0,44333.0,2883.0,domingo_!navidad_|_charlita_con_streamers_sobre_el_futuro_|_os_cuento_mi_progeso_con_el_cambio_f√≠sico_|_koi_busca_creadores
2022-12-02 21:30:00,3.2 hrs,40807.0,49662.0,2286.0,si_te_ries_pierdes_y_presentaci√≥n_de_nuevo_proyecto._!navidad
2022-12-01 21:37:00,2.8 hrs,57980.0,72806.0,2250.0,drama_en_espa√±a_viva_jap√≥n_!navidad
2022-11-30 22:03:00,2.7 hrs,46946.0,57152.0,2155.0,argentina_a_octavos_y_m√©xico_a_casa_|_el_f√∫tbol_es_una_mierda
2022-11-29 21:58:00,1.4 hrs,70894.0,85021.0,1281.0,anuncio_del_primer_fichaje_de_porcinos_f.c_para_la_kings_league.
2022-11-26 18:56:00,5.3 hrs,48083.0,72511.0,9481.0,argentina_vs_m√©xico_|_el_partido_m√°s_picante_del_a√±o_|_tengo_miedo
2022-11-24 21:39:00,3.6 hrs,37552.0,41841.0,2510.0,baila_vinicius_baila_ü•µ_el_bicho_hist√≥rico_üòà_uruguay_empat√≥_ü§ó_perdi√≥_camer√∫n_‚òπ
2022-11-23 18:50:00,2.2 hrs,55242.0,61993.0,1774.0,espa√±a_es_el_mejor_equipo_del_mundo
2022-11-22 18:55:00,1.1 hrs,78669.0,87474.0,1265.0,charlando_con_ester_exp√≥sito._(ha_venido_a_casa)
2022-11-21 17:47:00,3.8 hrs,52116.0,69891.0,4271.0,among_us_vr_por_primera_vez.
2022-11-20 20:47:00,2.6 hrs,102923.0,139862.0,4286.0,mi_experiencia_y_mi_opini√≥n_sobre_el_partido_de_par√≠s.
2022-11-18 19:23:00,4.3 hrs,51096.0,105392.0,4649.0,luis_enrique_debuta_como_streamer_el_seleccionador_me_va_a_quitar_los_twitch_primes_esto_es_de_co√±a
2022-11-17 20:59:00,3.6 hrs,45672.0,56614.0,3060.0,"streamer_de_youtube_juega_among_us_con_chat_de_voz_con_pol,_perxitaa,_karchez,_riverss,_sherezade,_edurne,_quackity_y_axozer"
2022-11-16 20:58:00,3.3 hrs,59682.0,87513.0,2844.0,among_us_con_chat_de_voz._y_bizarrap_x_duki_por_la_noche_siuuuuuu
2022-11-15 16:53:00,3.2 hrs,45791.0,55116.0,2514.0,reaccionando_a_cosas_streaming_tipo_2020_pero_casi_en_2023
2022-11-14 17:54:00,3.0 hrs,76681.0,90883.0,1506.0,finetwork_koi_vs_ucam_|_semifinales_de_la_iberian_cup_|_bo5_|_#somoskoi
2022-11-13 17:17:00,5.3 hrs,35127.0,42551.0,3909.0,"domingo_de_vuelta_al_lol_|_jugando_con_el_equipo_maravilla:_knekro,_flakked,_elyoya_y_skain_kekw_sadge_|_ma√±ana_semifinales_siuuuu"
2022-11-11 16:23:00,2.7 hrs,40841.0,49755.0,1920.0,ha_nacido_la_kings_league._hablemos.
2022-11-10 20:07:00,2.5 hrs,205889.0,235528.0,3022.0,presentaci√≥n_de_un_nuevo_proyecto.
2022-11-09 22:44:00,1.8 hrs,175169.0,190362.0,2558.0,charla_con_gerard_piqu√©.
2022-11-08 17:46:00,2.1 hrs,50051.0,70865.0,846.0,finetwork_koi_vs_fnatic_tq_-_cuartos_de_final_-_iberian_cup_2022_-_todo_o_nada.
2022-11-07 22:02:00,2.9 hrs,34971.0,45189.0,2335.0,he_vuelto_a_casa._hablemos.
2022-11-06 00:02:00,6.9 hrs,382874.0,481701.0,61916.0,final_worlds_2022_|_t1_vs_drx_|_desde_san_francisco_y_con_imagen.
2022-11-04 22:31:00,3.2 hrs,30848.0,43557.0,1794.0,irl_desde_san_francisco_|_vamos_a_las_oficinas_de_twitch_|_ma√±ana_final_de_worlds
2022-11-02 16:49:00,3.1 hrs,48307.0,61816.0,1992.0,koi_vs_heretics_-_semifinales_-_bo5_-_podemos_llegar_a_la_primera_final_de_nuestra_historia_-_crossfire_mediamarkt_e_intel_2022
2022-11-01 17:31:00,3.2 hrs,56762.0,82483.0,1700.0,koi_vs_case_|_octavos_de_final_de_la_iberian_cup_|_nos_vamos_a_la_final_de_los_worlds_en_san_francisco_siuuuuu
2022-10-31 20:56:00,2.0 hrs,48607.0,59140.0,1229.0,empieza_el_mayor_reto_de_mi_vida.
2022-10-29 17:10:00,3.6 hrs,47141.0,58673.0,3009.0,hablemos_de_los_esland_y_hagamos_un_si_te_ries_pierdes_en_esta_pl√°cida_tarde_de_s√°bado.
2022-10-27 19:26:00,5.3 hrs,162336.0,302440.0,4990.0,mundial_de_globos_2022.
2022-10-26 23:01:00,1.1 hrs,30522.0,38781.0,248.0,sorteo_mundial_de_globos_2022_|_ma√±ana_a_las_19:30_es_el_mundial_de_globos
2022-10-26 16:54:00,4.0 hrs,30551.0,39214.0,1246.0,koi_vs_giants_-_cuartos_de_final_-_al_mejor_de_5_-crossfire_mediamarkt_e_intel_-_2022_|_a_las_23:00_sorteo_mundial_de_globos
2022-10-25 16:53:00,7.8 hrs,62644.0,105237.0,2381.0,las_finales_de_la_pokemon_twitch_cup_2.
2022-10-24 16:21:00,9.2 hrs,52705.0,67605.0,3549.0,pokemon_twitch_cup_d√≠a_3_|_ha_llegado_el_d√≠a_de_mi_combate_|_99%_de_fe_1%_de_posibilidades_|_3_d√≠as_para_el_mundial_de_globos
2022-10-23 16:31:00,6.5 hrs,60560.0,82300.0,3709.0,"narraci√≥n_pokemon_twitch_cup_d√≠a_2_|_hoy_juega_reven,_nia,_barbe,_illojuan,_knekro,_rioobo,_grefg_y_toda_la_banda."
